{
  "$schema": "https://frontmatter.codes/frontmatter.schema.json",
  "frontMatter.taxonomy.contentTypes": [
    {
      "name": "default",
      "pageBundle": false,
      "previewPath": null,
      "fields": [
        {
          "title": "Title",
          "name": "title",
          "type": "string"
        },
        {
          "title": "Description",
          "name": "description",
          "type": "string"
        },
        {
          "title": "Publishing date",
          "name": "date",
          "type": "datetime",
          "default": "{{now}}",
          "isPublishDate": true
        },
        {
          "title": "Content preview",
          "name": "preview",
          "type": "image"
        },
        {
          "title": "Is in draft",
          "name": "draft",
          "type": "draft"
        },
        {
          "title": "Tags",
          "name": "tags",
          "type": "tags"
        },
        {
          "title": "Categories",
          "name": "categories",
          "type": "categories"
        }
      ]
    }
  ],
  "frontMatter.framework.id": "jekyll",
  "frontMatter.content.publicFolder": "assets",
  "frontMatter.preview.host": "http://localhost:4000/tibetnujekyll",
  "frontMatter.git.enabled": false,
  "frontMatter.content.pageFolders": [
    {
      "title": "posts",
      "path": "[[workspace]]/_posts"
    }
  ]
}